{
    "status": "ok",
    "totalResults": 45,
    "articles": [
        {
            "source": {
                "id": "the-washington-post",
                "name": "The Washington Post"
            },
            "author": "Jeff Stein, David J. Lynch",
            "title": "Biden decides to block U.S. Steel sale to Japanese buyer - The Washington Post",
            "description": "The move comes after a year of political and economic drama. It leaves the future of the once-iconic American business in doubt.",
            "url": "https://www.washingtonpost.com/business/2025/01/02/biden-blocks-nippon-us-steel-deal/",
            "urlToImage": "https://www.washingtonpost.com/wp-apps/imrs.php?src=https://arc-anglerfish-washpost-prod-washpost.s3.amazonaws.com/public/JWSJOIN23BUNAKYY7QILPTROEQ.jpg&w=1440",
            "publishedAt": "2025-01-03T06:57:00Z",
            "content": "President Joe Biden has decided to officially block Nippon Steels proposed purchase of U.S. Steel, a once-iconic American company whose sale to a foreign buyer he publicly opposed for months, accordi… [+8990 chars]"
        },
        {
            "source": {
                "id": null,
                "name": "CNBC"
            },
            "author": "Sarah Min",
            "title": "Stock futures are little changed after a rocky start to 2025: Live updates - CNBC",
            "description": "Wall Street is coming off a choppy trading session, with investors taking profits in some notable 2024 gainers such as Apple and Tesla.",
            "url": "https://www.cnbc.com/2025/01/02/stock-market-today-live-updates.html",
            "urlToImage": "https://image.cnbcfm.com/api/v1/image/108077019-1734452579387-NYSE_Traders-OB-Photo-20241217-CC-PRESS-11.jpg?v=1734452791&w=1920&h=1080",
            "publishedAt": "2025-01-03T06:47:00Z",
            "content": "U.S. stock futures were little changed Thursday night after a volatile start to the new year.\r\nDow Jones Industrial Average futures added 68 points, or 0.16%. S&amp;P 500 futures and Nasdaq 100 futur… [+1796 chars]"
        },
        {
            "source": {
                "id": "reuters",
                "name": "Reuters"
            },
            "author": "Ankur Banerjee",
            "title": "Asian stocks gain, dollar at two-year high as US rates, Trump in focus - Reuters",
            "description": "Asian stocks rose on Friday, aiming to shrug off a lacklustre start to 2025, while the dollar was steady near a two-year high against a basket of currencies as investors fret about U.S. rates staying higher for longer.",
            "url": "https://www.reuters.com/markets/global-markets-wrapup-1-2025-01-03/",
            "urlToImage": "https://www.reuters.com/resizer/v2/B6542Y7GXJMLBFEOHAY2INID5Q.jpg?auth=25b71d26ae49e4c85b8a03cf6c22b9750c93544e8820aad6dfe81311e892b4fb&height=1005&width=1920&quality=80&smart=true",
            "publishedAt": "2025-01-03T06:07:00Z",
            "content": null
        },
        {
            "source": {
                "id": "reuters",
                "name": "Reuters"
            },
            "author": "Reuters",
            "title": "China will sharply increase funding from treasury bonds to spur growth in 2025 - Reuters",
            "description": "China will sharply increase funding from ultra-long treasury bonds in 2025 to spur business investment and consumer-boosting initiatives, a state planner official said on Friday, as Beijing ramps up fiscal stimulus to revitalise the faltering economy.",
            "url": "https://www.reuters.com/world/china/china-will-sharply-increase-funding-treasury-bonds-spur-growth-2025-2025-01-03/",
            "urlToImage": "https://www.reuters.com/resizer/v2/WCFPE7QKONMDBABREJ3UGFQJ4Q.jpg?auth=5de8b34672abef75dd38cdf295ffacc8b2d15af5a5ff3a93690195eb6fb9519a&height=1005&width=1920&quality=80&smart=true",
            "publishedAt": "2025-01-03T05:53:00Z",
            "content": null
        },
        {
            "source": {
                "id": "the-wall-street-journal",
                "name": "The Wall Street Journal"
            },
            "author": "The Wall Street Journal",
            "title": "Big Banks Flee Climate Coalition Formed to Reduce Carbon Emissions - The Wall Street Journal",
            "description": null,
            "url": "https://www.wsj.com/finance/banking/big-banks-flee-climate-coalition-formed-to-reduce-carbon-emissions-72923e2f",
            "urlToImage": null,
            "publishedAt": "2025-01-03T04:00:00Z",
            "content": null
        },
        {
            "source": {
                "id": "associated-press",
                "name": "Associated Press"
            },
            "author": "MICHAEL LIEDTKE",
            "title": "Apple to pay $95 million to settle lawsuit accusing Siri of eavesdropping - The Associated Press",
            "description": "Apple has agreed to pay $95 million to settle a lawsuit accusing the privacy-minded company of deploying its virtual assistant Siri to eavesdrop on people using its iPhone and other trendy devices. The proposed settlement filed Tuesday would resolve a lawsuit…",
            "url": "https://apnews.com/article/apple-siri-iphone-lawsuit-settlement-9b8ab3e079ae6962435f38eddb937b39",
            "urlToImage": "https://dims.apnews.com/dims4/default/617b056/2147483647/strip/true/crop/5262x2960+0+191/resize/1440x810!/quality/90/?url=https%3A%2F%2Fassets.apnews.com%2F58%2F05%2Fe9175928b6bd3aabc69f85583b0a%2F51481a938fd14a019fa856b3e95af2af",
            "publishedAt": "2025-01-03T02:37:00Z",
            "content": "Apple has agreed to pay $95 million to settle a lawsuit accusing the privacy-minded company of deploying its virtual assistant Siri to eavesdrop on people using its iPhone and other trendy devices.\r\n… [+2138 chars]"
        },
        {
            "source": {
                "id": "the-wall-street-journal",
                "name": "The Wall Street Journal"
            },
            "author": "The Wall Street Journal",
            "title": "The American Worker Is Becoming More Productive - The Wall Street Journal",
            "description": null,
            "url": "https://www.wsj.com/economy/jobs/worker-productivity-america-growing-36f4c90c",
            "urlToImage": null,
            "publishedAt": "2025-01-03T02:00:00Z",
            "content": null
        },
        {
            "source": {
                "id": null,
                "name": "New York Daily News"
            },
            "author": "Kerry Burke, Colin Mixson",
            "title": "NYC woman in custody for stabbing US Postal Service worker to death in dispute at deli sandwich line - New York Daily News",
            "description": "A woman is in custody for the fatal stabbing of a postal worker following a dispute over sandwiches at a Manhattan deli on Thursday, law enforcement sources told the Daily News.",
            "url": "http://www.nydailynews.com/2025/01/02/nyc-woman-in-custody-for-stabbing-us-postal-service-worker-to-death-in-dispute-at-deli-sandwich-line/",
            "urlToImage": "https://www.nydailynews.com/wp-content/uploads/2025/01/TNY-Tree-Stabbing-Williams-4456.jpg?w=1024&h=682",
            "publishedAt": "2025-01-03T01:23:45Z",
            "content": "A woman is in custody for the fatal stabbing of a postal worker following a dispute over sandwiches at a Manhattan deli on Thursday, law enforcement sources told the Daily News.\r\nThe 36-year-old mail… [+2718 chars]"
        },
        {
            "source": {
                "id": null,
                "name": "Financial Times"
            },
            "author": "Robin Harding, Cheng Leng",
            "title": "China’s central bank plans policy overhaul as pressure mounts on economy - Financial Times",
            "description": "People’s Bank of China will start to behave more like US Fed in using one main interest rate to steer demand for credit",
            "url": "https://www.ft.com/content/794577b2-6bdd-4a03-bfab-19463543048a",
            "urlToImage": "https://www.ft.com/__origami/service/image/v2/images/raw/https%3A%2F%2Fd1e00ek4ebabms.cloudfront.net%2Fproduction%2Ff81cfbef-e557-4b74-9877-1b3153c8bc3e.jpg?source=next-barrier-page",
            "publishedAt": "2025-01-03T00:01:21Z",
            "content": "Try unlimited access\r\nOnly $1 for 4 weeks\r\nThen $75 per month.\r\nComplete digital access to quality FT journalism on any device. \r\nCancel anytime during your trial."
        },
        {
            "source": {
                "id": null,
                "name": "Investopedia"
            },
            "author": "Andrew Kessel",
            "title": "Carvana Stock Slips as Short-Seller Calls Its 2024 Turnaround a 'Mirage' - Investopedia",
            "description": "Shares of Carvana slid Thursday after short-selling firm Hindenburg Research disclosed a short position in the online used-car retailer.",
            "url": "https://www.investopedia.com/carvana-stock-slips-as-short-seller-calls-its-2024-turnaround-a-mirage-8768456",
            "urlToImage": "https://www.investopedia.com/thmb/1WqE6uaGFHMgXyfhwyMLrG0t8CI=/1500x0/filters:no_upscale():max_bytes(150000):strip_icc()/INV_CarvanaMachine_GettyImages-1216138210-db6d655cd63046eabd339b51633c030a.jpg",
            "publishedAt": "2025-01-02T22:24:50Z",
            "content": "<ul><li>Carvana stock slid Thursday after short-seller Hindenburg Research revealed a short position in the company.</li><li>The firm said Carvana's significant turnaround in 2024 is a \"mirage\" built… [+2106 chars]"
        },
        {
            "source": {
                "id": null,
                "name": "Yahoo Entertainment"
            },
            "author": "Josh Wingrove, Christopher Condon and Patrick Clark",
            "title": "Treasury Wins Back Role in ‘Eventual Release’ of Fannie, Freddie - Yahoo Finance",
            "description": "(Bloomberg) -- The agencies that control mortgage giants Fannie Mae and Freddie Mac set out a roadmap for releasing the pair from government supervision...",
            "url": "https://finance.yahoo.com/news/us-treasury-wins-back-key-213919257.html",
            "urlToImage": "https://s.yimg.com/ny/api/res/1.2/SQeg4EtFtMgGlwvpcou6ig--/YXBwaWQ9aGlnaGxhbmRlcjt3PTEyMDA7aD04MzI-/https://media.zenfs.com/en/bloomberg_markets_842/8cd24797e6786011a283ad0fa26eabff",
            "publishedAt": "2025-01-02T22:23:51Z",
            "content": "(Bloomberg) -- The agencies that control mortgage giants Fannie Mae and Freddie Mac set out a roadmap for releasing the pair from government supervision, reinstating the US Treasurys power to approve… [+3018 chars]"
        },
        {
            "source": {
                "id": "the-wall-street-journal",
                "name": "The Wall Street Journal"
            },
            "author": "The Wall Street Journal",
            "title": "Federal Court Strikes a Final Blow to FCC’s Net-Neutrality Rules - The Wall Street Journal",
            "description": null,
            "url": "https://www.wsj.com/business/telecom/federal-court-strikes-a-final-blow-to-fccs-net-neutrality-rules-6536eb99",
            "urlToImage": null,
            "publishedAt": "2025-01-02T21:50:00Z",
            "content": null
        },
        {
            "source": {
                "id": null,
                "name": "GMA"
            },
            "author": "Katie Kindelan",
            "title": "Broccoli sold at Walmart voluntarily recalled over listeria concerns - Good Morning America",
            "description": "Consumers are urged to discard the broccoli, sold as Marketside Broccoli Florets.",
            "url": "https://www.goodmorningamerica.com/food/story/broccoli-sold-walmart-voluntarily-recalled-listeria-concerns-117272681",
            "urlToImage": "https://i.abcnewsfe.com/a/8761f2a2-cc5b-40b9-a493-80bed9553c7a/broccoli-florets-recalled-ht-lv-250102_1735837887630_hpMain_16x9.jpg?w=992",
            "publishedAt": "2025-01-02T21:24:19Z",
            "content": "Bags of ready-to-eat broccoli florets sold in 20 states have been recalled over concerns they may be contaminated with listeria.\r\nBraga Fresh Foods has voluntarily recalled one lot of its 12-ounce ba… [+3177 chars]"
        },
        {
            "source": {
                "id": null,
                "name": "Barron's"
            },
            "author": "Barron's",
            "title": "BYD Takes the Global EV Sales Crown From Tesla. NIO Stock Sees Big Gains. - Barron's",
            "description": null,
            "url": "https://www.barrons.com/articles/china-ev-sales-nio-stock-byd-tesla-667db789",
            "urlToImage": null,
            "publishedAt": "2025-01-02T21:23:00Z",
            "content": null
        },
        {
            "source": {
                "id": null,
                "name": "Investor's Business Daily"
            },
            "author": "ALLISON GATLIN, Investor's Business Daily",
            "title": "Neumora Therapeutics Stock Crashes 81% After Depression Drug Flops - Investor's Business Daily",
            "description": "The company said it plans to investigate a positive signal from female patients.",
            "url": "https://www.investors.com/news/technology/neumora-therapeutics-stock-depression-treatment-fails/",
            "urlToImage": "https://www.investors.com/wp-content/uploads/2017/12/Stock-drugs-011-adobe.jpg",
            "publishedAt": "2025-01-02T21:22:00Z",
            "content": "Neumora Therapeutics (NMRA) stock collapsed Thursday after its experimental depression treatment failed in the first of three studies planned by the biotech company.\r\nXNOW PLAYINGHow To Sell Stocks: … [+2430 chars]"
        },
        {
            "source": {
                "id": "politico",
                "name": "Politico"
            },
            "author": "Jasper Goodman, Eleanor Mueller",
            "title": "How Silicon Valley won a powerful House committee - POLITICO",
            "description": "Rep. French Hill, the new Republican chair of the Financial Services Committee, is poised to give crypto and AI a boost on Capitol Hill.",
            "url": "https://www.politico.com/news/2025/01/02/silicon-valleys-powerful-new-ally-in-congress-00194888",
            "urlToImage": "https://static.politico.com/79/0b/fa55b1e94a98b91d14ae51086974/https-delivery-gettyimages.com/downloads/1454475432",
            "publishedAt": "2025-01-02T21:00:00Z",
            "content": "He knows the community, he knows the industry and youve got an incoming president thats where he wants to focus, said House Majority Whip Tom Emmer (R-Minn.), a leading booster of the crypto industry… [+4943 chars]"
        },
        {
            "source": {
                "id": null,
                "name": "Newser"
            },
            "author": "Evann Gastaldo",
            "title": "4 Pieces of Life-Changing Tech Coming in 2025 - Newser",
            "description": "Including AI 'agents' and more",
            "url": "https://www.newser.com/story/361607/4-pieces-of-tech-to-change-your-life-in-2025.html",
            "urlToImage": "https://img2-azrcdn.newser.com/image/1581263-12-20250101164447.jpeg",
            "publishedAt": "2025-01-02T20:49:00Z",
            "content": "As an ad-supported site,Newser can't exist without ads.To read our stories, you'llneed to tweak one thing."
        },
        {
            "source": {
                "id": null,
                "name": "Forbes"
            },
            "author": "Matt Durot",
            "title": "The Unprecedented Gap Between Elon Musk And The World’s Next Richest - Forbes",
            "description": "Musk’s fortune soared by a record $170 billion in 2024–putting him an all-time high dollar amount ahead of Jeff Bezos, the world’s second richest person.",
            "url": "https://www.forbes.com/sites/mattdurot/2025/01/02/the-unprecedented-gap-between-elon-musk-and-the-worlds-next-richest/",
            "urlToImage": "https://imageio.forbes.com/specials-images/imageserve/66f1a9276daee7c0b5fd6de8/0x0.jpg?format=jpg&height=900&width=1600&fit=bounds",
            "publishedAt": "2025-01-02T20:42:27Z",
            "content": "Musks fortune soared by a record $170 billion in 2024putting him an all-time high dollar amount ahead of Jeff Bezos, the worlds second richest person.\r\nThe soaring valuations of Tesla, SpaceX and xAI… [+3018 chars]"
        },
        {
            "source": {
                "id": "bloomberg",
                "name": "Bloomberg"
            },
            "author": "Brody Ford, Spencer Soper, Katie Roof",
            "title": "Car-Rental Startup Turo’s Safety Team Cuts Vacations Short After Deadly Attacks - Bloomberg",
            "description": "Some workers on car-rental startup Turo Inc.’s trust and safety team have interrupted vacations to monitor and respond to the aftermath of deadly attacks in Las Vegas and New Orleans, according to a person familiar with the matter.",
            "url": "https://www.bloomberg.com/news/articles/2025-01-02/turo-safety-team-cuts-vacations-short-after-deadly-attacks",
            "urlToImage": "https://assets.bwbx.io/images/users/iqjWHBFdfxIU/ikm9.te14zxc/v0/1200x800.jpg",
            "publishedAt": "2025-01-02T20:33:34Z",
            "content": "Some workers on car-rental startup Turo Inc.s trust and safety team have interrupted vacations to monitor and respond to the aftermath of deadly attacks in Las Vegas and New Orleans, according to a p… [+575 chars]"
        },
        {
            "source": {
                "id": null,
                "name": "CNBC"
            },
            "author": "Reuters",
            "title": "Lilly asks to join lawsuit over compounded versions of its weight-loss drugs - CNBC",
            "description": "Eli Lilly has asked to join in opposing a lawsuit brought by compounding pharmacies against the U.S. Food and Drug Administration.",
            "url": "https://www.cnbc.com/2025/01/02/lilly-asks-to-join-lawsuit-over-compounded-versions-of-its-weight-loss-drugs.html",
            "urlToImage": "https://image.cnbcfm.com/api/v1/image/107368557-17069062502023-12-13t123425z_1803569422_rc26v4aidh6r_rtrmadp_0_health-obesity-telehealth.jpeg?v=1724710436&w=1920&h=1080",
            "publishedAt": "2025-01-02T20:13:45Z",
            "content": "Eli Lilly has asked to join in opposing a lawsuit brought by compounding pharmacies against the U.S. Food and Drug Administration over the agency's decision that Lilly's blockbuster weight-loss and d… [+2386 chars]"
        }
    ]
}
